,RandomForest,GradientBoosting
Cross-validated RMSE,78708.31322013079,50582.76750256044
Test RMSE,8380.795144225103,6407.73303052806
